newspaper_name,region
"Amerikai Magyar hirlap = American Magyar journal. [volume] (Youngstown, Ohio) 1911-1942",Midwest
Arkansas survey-journal.,South
"Detroit evening times. (Detroit, Mich) 1921-1958",Midwest
"Evening star. [volume] (Washington, D.C.) 1854-1972",East
Hartford-Springfield chronicle.,East
"Kodiak mirror. [volume] (Kodiak, Alaska) 1940-1976",West
"Matanuska Valley pioneer. (Palmer, Alaska) 1935-1936",West
"Metropolitan news. (Chicago, Ill.) 1935-19??",Midwest
Minneapolis spokesman.,Midwest
"Minneapolis spokesman. [volume] (Minneapolis, Minn.) 1934-2000",Midwest
Montana labor news.,West
Montana oil and mining journal.,West
"Montana oil and mining journal. [volume] (Great Falls, Mont.) 1931-1953",West
"Morgan County Democrat. (McConnelsville, Ohio) 1886-1943",Midwest
"Newark leader. ([Newark, Ohio]) 1917-1946",East
"Ohio Waisenfreund. [volume] (Pomeroy, O. [Ohio]) 1874-1953",Midwest
"Seward daily gateway. [volume] (Seward, Alaska) 1923-1933",West
"SiebenbuÌˆrgisch-Amerikanisches Volksblatt. [volume] (Cleveland, Ohio) 1917-1971",Midwest
"Sunday Chicago bee. [volume] (Chicago, Ill.) 1925-19??",Midwest
"Telegraf. [volume] (Baltimore, Md.) 1909-1951",East
The Alaska fisherman.,West
"The Alaska fisherman. [volume] (Juneau, Alaska) 1923-1932",West
The Alaskan.,West
"The American issue. [volume] (Westerville, Ohio) 1912-19??",Midwest
The Arizona gleam.,West
The Arkansas world.,South
"The Bluffton news. [volume] (Bluffton, Ohio) 1875-current",Midwest
"The Butler County press. [volume] (Hamilton, Ohio) 1900-1946",Midwest
"The Connecticut craftsman. (Hartford, Conn.) 193?-193?",East
The Daily Alaska empire.,West
"The Daily Alaska empire. [volume] (Juneau, Alaska) 1926-1964",West
"The Dayton forum. [volume] (Dayton, Ohio) 1913-1949",Midwest
The Detroit tribune.,Midwest
"The Detroit tribune. (Detroit, Mich.) 1935-1966",Midwest
The Indianapolis times.,Midwest
The Indianapolis times. [volume] (Indianapolis [Ind.]) 1922-1965,Midwest
"The Michigan chronicle. [volume] (Detroit, Mich.) 1936-current",Midwest
"The Nome nugget. (Nome, Alaska) 1919-1934",West
"The Northwest enterprise. [volume] (Seattle, Wash.) 1931-1952",West
The Phoenix index.,West
"The Saturday press. (Minneapolis, Minn.) 1927-1936",Midwest
"The Semi-weekly Madison County Democrat. (London, Ohio) 1923-19??",Midwest
"The Southern Jewish weekly. [volume] (Jacksonville, Fla.) 1939-1992",South
"The Valley settler. (Palmer, Alaska) 1937-195?",West
The Washington times.,East
The Washington times. [volume] (Washington [D.C.]) 1902-1939,East
"The Wrangell sentinel. (Wrangell, Alaska) 1909-current",West
"The daily worker. [volume] (Chicago, Ill.) 1924-1958",Midwest
"The guardian. [volume] (Boston, Mass.) 1901-1960",East
"The potters herald. [volume] (East Liverpool, Ohio) 1899-1982",Midwest
"Twin-City herald. [volume] (Minneapolis, Minn.) 1927-1940",Midwest
Washington Journal.,East
"Weekly herald. (Chitina, Alaska) 1931-1933",West
"YoungstownskeÌ SlovenskeÌ noviny = Youngstown Slovak news. (Youngstown, Ohio) 1910-1940",Midwest
